{"status":{},"contains_secrets":false,"product_version":"2.9.7","spec":{"description":"* [Lamp](http:\/\/@@{HAPROXY.address}@@)","resources":{"client_attrs":{"6f478af0-67fd-49b2-b3ac-d89f85580157":{"y":-37,"x":-158},"a36e338c-7116-40b4-890d-0cd8928da2a9":{"y":-37,"x":-158},"6e31b3ae-15e6-468b-a583-dfd531790873":{"y":22,"x":-92},"4661e347-8900-4c4a-9f82-aa50544da3e0":{"y":138.3673932788,"x":102.9405086285},"5b1a798e-dbff-4caa-9ec8-f93cc0fb8d10":{"y":190,"x":368},"271e670f-0336-42f0-a2b5-bdaa3dd2ce54":{"y":22,"x":-92},"4f326755-7cb3-4b7d-9315-aa090939a88d":{"y":279,"x":316},"7df0cc1c_deployment_cloned_0":{"y":84.3673932788,"x":118.9405086285},"9264250a-0be0-e91e-81e3-c1255d89174f":{"y":190,"x":368},"07e27d27-3a1a-71dc-a6cd-077bb127b215":{"y":-37,"x":-158},"e5f4f563-b273-4c46-87ae-bc3fd64b64a7":{"y":-37,"x":-158},"282e6725-b27d-91da-3edd-629ed70b5da7":{"y":84.3673932788,"x":118.9405086285},"03da73b4-05a7-99ff-ed1b-812a3e10fe20":{"y":84.3673932788,"x":118.9405086285},"96d6c4f8-7f6d-41c3-96e4-88516ae798a9":{"y":138.3673932788,"x":102.9405086285},"cf63f5a3-0e83-4d4a-a1d8-9dffc2eed0e6":{"y":279,"x":316},"af5307b7-1257-687a-dd89-5b469167cb45":{"y":190,"x":368},"6b887f13-6e24-4345-bc03-6c5a4ca8360f":{"y":22,"x":-92},"bd4b0c16-17a7-4f9d-a4c7-0590a65fea10":{"y":84.3673932788,"x":118.9405086285},"0fb8a665-be5b-49c7-b104-d57afe47fadc":{"y":138.3673932788,"x":102.9405086285},"94a8746a-5146-4c95-8c50-11014ee86d4a":{"y":279,"x":316},"f8bc6586-f0f4-42b6-9c9d-8762895e9a70":{"y":190,"x":368},"f8f1cf23-b1aa-4418-830e-8d8edc60326f":{"y":22,"x":-92},"0da5c583-3b2a-452f-9650-0094303fb39f":{"y":138.3673932788,"x":102.9405086285},"a767fa91-dbd9-423e-94b1-9fde581218e6":{"y":279,"x":316}},"service_definition_list":[{"singleton":false,"action_list":[{"description":"System action for creating an application","type":"system","critical":false,"runbook":{"task_definition_list":[{"target_any_local_reference":{"kind":"app_service","name":"APACHE_PHP"},"retries":"0","description":"","child_tasks_local_reference_list":[],"name":"9807fe1b_dag","attrs":{"edges":[],"type":""},"timeout_secs":"0","type":"DAG","variable_list":[]}],"description":"","name":"a992bd98_runbook","main_task_local_reference":{"kind":"app_task","name":"9807fe1b_dag"},"variable_list":[]},"name":"action_create"},{"description":"System action for deleting an application. Deletes created VMs as well","type":"system","critical":false,"runbook":{"task_definition_list":[{"target_any_local_reference":{"kind":"app_service","name":"APACHE_PHP"},"retries":"0","description":"","child_tasks_local_reference_list":[],"name":"d3ab8fc3_dag","attrs":{"edges":[],"type":""},"timeout_secs":"0","type":"DAG","variable_list":[]}],"description":"","name":"4fd20db5_runbook","main_task_local_reference":{"kind":"app_task","name":"d3ab8fc3_dag"},"variable_list":[]},"name":"action_delete"},{"description":"System action for starting an application","type":"system","critical":false,"runbook":{"task_definition_list":[{"target_any_local_reference":{"kind":"app_service","name":"APACHE_PHP"},"retries":"0","description":"","child_tasks_local_reference_list":[],"name":"bfc74f9b_dag","attrs":{"edges":[],"type":""},"timeout_secs":"0","type":"DAG","variable_list":[]}],"description":"","name":"e4dbbc0a_runbook","main_task_local_reference":{"kind":"app_task","name":"bfc74f9b_dag"},"variable_list":[]},"name":"action_start"},{"description":"System action for stopping an application","type":"system","critical":false,"runbook":{"task_definition_list":[{"target_any_local_reference":{"kind":"app_service","name":"APACHE_PHP"},"retries":"0","description":"","child_tasks_local_reference_list":[],"name":"a5bfd22c_dag","attrs":{"edges":[],"type":""},"timeout_secs":"0","type":"DAG","variable_list":[]}],"description":"","name":"0ecebc2f_runbook","main_task_local_reference":{"kind":"app_task","name":"a5bfd22c_dag"},"variable_list":[]},"name":"action_stop"},{"description":"System action for restarting an application","type":"system","critical":false,"runbook":{"task_definition_list":[{"target_any_local_reference":{"kind":"app_service","name":"APACHE_PHP"},"retries":"0","description":"","child_tasks_local_reference_list":[],"name":"208adab8_dag","attrs":{"edges":[],"type":""},"timeout_secs":"0","type":"DAG","variable_list":[]}],"description":"","name":"4e962233_runbook","main_task_local_reference":{"kind":"app_task","name":"208adab8_dag"},"variable_list":[]},"name":"action_restart"}],"depends_on_list":[],"name":"APACHE_PHP","port_list":[],"tier":"","variable_list":[{"val_type":"STRING","is_mandatory":false,"description":"","data_type":"BASE","type":"LOCAL","name":"ANSIBLE_HOST_ID","value":"","label":"","attrs":{"type":""},"is_hidden":false,"options":{"type":"PREDEFINED","choices":[]}}],"description":""}],"substrate_definition_list":[{"description":"","action_list":[{"description":"","type":"fragment","critical":false,"runbook":{"task_definition_list":[{"target_any_local_reference":{"kind":"app_substrate","name":"APACHE_PHP_VMware"},"retries":"0","description":"","child_tasks_local_reference_list":[],"name":"01e0ee8a_dag","attrs":{"edges":[],"type":""},"timeout_secs":"0","type":"DAG","variable_list":[]}],"description":"","name":"1e5ff1df_runbook","main_task_local_reference":{"kind":"app_task","name":"01e0ee8a_dag"},"variable_list":[]},"name":"pre_action_create"},{"description":"","type":"fragment","critical":false,"runbook":{"task_definition_list":[{"target_any_local_reference":{"kind":"app_substrate","name":"APACHE_PHP_VMware"},"retries":"0","description":"","child_tasks_local_reference_list":[],"name":"49240789_dag","attrs":{"edges":[],"type":""},"timeout_secs":"0","type":"DAG","variable_list":[]}],"description":"","name":"0b167871_runbook","main_task_local_reference":{"kind":"app_task","name":"49240789_dag"},"variable_list":[]},"name":"post_action_delete"}],"type":"VMWARE_VM","name":"APACHE_PHP_VMware","readiness_probe":{"connection_type":"SSH","retries":"5","connection_protocol":"","connection_port":22,"address":"@@{platform.ipAddressList[0]}@@","delay_secs":"60","disable_readiness_probe":false,"login_credential_local_reference":{"kind":"app_credential","name":"CENTOS"}},"editables":{"readiness_probe":{"connection_type":true,"retries":true,"delay_secs":true,"connection_port":true,"timeout_secs":null},"create_spec":{"name":true,"drs_mode":true,"cluster":true,"host":true,"datastore":true,"storage_pod":true,"resources":{"template_nic_list":{},"nic_list":{"0":{"nic_type":true,"net_name":true}},"template_controller_list":{},"num_vcpus_per_socket":true,"num_sockets":true,"controller_list":{},"memory_size_mib":true,"guest_customization":{"customization_name":true,"cloud_init":true},"template_disk_list":{},"disk_list":{}}}},"os_type":"Linux","create_spec":{"name":"APACHE_PHP-@@{calm_array_index}@@-@@{calm_time}@@","type":"PROVISION_VMWARE_VM","drs_mode":true,"cluster":"","host":"00000000-0000-0000-0000-002590d90310","resources":{"nic_list":[{"nic_type":"vmxnet3","type":"","net_name":"key-vim.host.PortGroup-VM Network"}],"template_nic_list":[],"template_controller_list":[],"num_vcpus_per_socket":1,"num_sockets":2,"controller_list":[],"memory_size_mib":2048,"power_state":"poweron","guest_customization":{"customization_name":"","cloud_init":"#cloud-config\nusers:\n  - name: centos\n    ssh-authorized-keys:\n      - @@{CENTOS.public_key}@@\n    sudo: ['ALL=(ALL) NOPASSWD:ALL']","linux_data":null,"customization_type":"GUEST_OS_LINUX","type":"","windows_data":null},"template_disk_list":[],"type":"","account_uuid":"b21a1040-272e-7883-6fc2-6540fde33392","disk_list":[]},"template":"ESX_CENTOS_76","datastore":"ds:\/\/\/vmfs\/volumes\/10519c4d-9dce45e3\/","storage_pod":"","clone_is_template":false},"variable_list":[]}],"credential_definition_list":[{"username":"centos","description":"","type":"KEY","secret":{"attrs":{"is_secret_modified":false,"secret_reference":{}}},"name":"CENTOS","editables":{"username":true,"secret":true}},{"username":"admin","description":"","type":"PASSWORD",